	id_midia	media_type	type	media_url	id
0	18024592819898084	CAROUSEL_ALBUM	IMAGE	https://scontent.cdninstagram.com/v/t39.30808-6/421674566_18029189740848151_1791294184871766217_n.jpg?_nc_cat=110&ccb=1-7&_nc_sid=18de74&_nc_eui2=AeEwHU-rIyCwQ6FJk8KhEGV19v9vBv7zmOL2_28G_vOY4iCZqAtg3mGFoRMyyomnXvCd4CBE7hwAIpPdpnKauMlf&_nc_ohc=bM-o2f9YqZwQ7kNvgHTBkCA&_nc_ht=scontent.cdninstagram.com&edm=AL-3X8kEAAAA&oh=00_AYBC47tK7dJuoKjVkZg-ReXubnauBHCdCtULgZR8g4tghQ&oe=6656D16C	1797182902765935718024592819898084
1	17950801427740207	CAROUSEL_ALBUM	IMAGE	https://scontent.cdninstagram.com/v/t39.30808-6/421674566_18029189740848151_1791294184871766217_n.jpg?_nc_cat=110&ccb=1-7&_nc_sid=18de74&_nc_eui2=AeEwHU-rIyCwQ6FJk8KhEGV19v9vBv7zmOL2_28G_vOY4iCZqAtg3mGFoRMyyomnXvCd4CBE7hwAIpPdpnKauMlf&_nc_ohc=bM-o2f9YqZwQ7kNvgHTBkCA&_nc_ht=scontent.cdninstagram.com&edm=AL-3X8kEAAAA&oh=00_AYBC47tK7dJuoKjVkZg-ReXubnauBHCdCtULgZR8g4tghQ&oe=6656D16C	1797182902765935717950801427740207
2	18249982000212022	CAROUSEL_ALBUM	IMAGE	https://scontent.cdninstagram.com/v/t39.30808-6/421674566_18029189740848151_1791294184871766217_n.jpg?_nc_cat=110&ccb=1-7&_nc_sid=18de74&_nc_eui2=AeEwHU-rIyCwQ6FJk8KhEGV19v9vBv7zmOL2_28G_vOY4iCZqAtg3mGFoRMyyomnXvCd4CBE7hwAIpPdpnKauMlf&_nc_ohc=bM-o2f9YqZwQ7kNvgHTBkCA&_nc_ht=scontent.cdninstagram.com&edm=AL-3X8kEAAAA&oh=00_AYBC47tK7dJuoKjVkZg-ReXubnauBHCdCtULgZR8g4tghQ&oe=6656D16C	1797182902765935718249982000212022
3	17970826016660160	CAROUSEL_ALBUM	IMAGE	https://scontent.cdninstagram.com/v/t39.30808-6/421674566_18029189740848151_1791294184871766217_n.jpg?_nc_cat=110&ccb=1-7&_nc_sid=18de74&_nc_eui2=AeEwHU-rIyCwQ6FJk8KhEGV19v9vBv7zmOL2_28G_vOY4iCZqAtg3mGFoRMyyomnXvCd4CBE7hwAIpPdpnKauMlf&_nc_ohc=bM-o2f9YqZwQ7kNvgHTBkCA&_nc_ht=scontent.cdninstagram.com&edm=AL-3X8kEAAAA&oh=00_AYBC47tK7dJuoKjVkZg-ReXubnauBHCdCtULgZR8g4tghQ&oe=6656D16C	1797182902765935717970826016660160
4	17983677587408251	CAROUSEL_ALBUM	IMAGE	https://scontent.cdninstagram.com/v/t39.30808-6/421674566_18029189740848151_1791294184871766217_n.jpg?_nc_cat=110&ccb=1-7&_nc_sid=18de74&_nc_eui2=AeEwHU-rIyCwQ6FJk8KhEGV19v9vBv7zmOL2_28G_vOY4iCZqAtg3mGFoRMyyomnXvCd4CBE7hwAIpPdpnKauMlf&_nc_ohc=bM-o2f9YqZwQ7kNvgHTBkCA&_nc_ht=scontent.cdninstagram.com&edm=AL-3X8kEAAAA&oh=00_AYBC47tK7dJuoKjVkZg-ReXubnauBHCdCtULgZR8g4tghQ&oe=6656D16C	1797182902765935717983677587408251
5	18005078747253576	CAROUSEL_ALBUM	IMAGE	https://scontent.cdninstagram.com/v/t39.30808-6/421674566_18029189740848151_1791294184871766217_n.jpg?_nc_cat=110&ccb=1-7&_nc_sid=18de74&_nc_eui2=AeEwHU-rIyCwQ6FJk8KhEGV19v9vBv7zmOL2_28G_vOY4iCZqAtg3mGFoRMyyomnXvCd4CBE7hwAIpPdpnKauMlf&_nc_ohc=bM-o2f9YqZwQ7kNvgHTBkCA&_nc_ht=scontent.cdninstagram.com&edm=AL-3X8kEAAAA&oh=00_AYBC47tK7dJuoKjVkZg-ReXubnauBHCdCtULgZR8g4tghQ&oe=6656D16C	1797182902765935718005078747253576
6	18326579032099902	CAROUSEL_ALBUM	IMAGE	https://scontent.cdninstagram.com/v/t39.30808-6/421674566_18029189740848151_1791294184871766217_n.jpg?_nc_cat=110&ccb=1-7&_nc_sid=18de74&_nc_eui2=AeEwHU-rIyCwQ6FJk8KhEGV19v9vBv7zmOL2_28G_vOY4iCZqAtg3mGFoRMyyomnXvCd4CBE7hwAIpPdpnKauMlf&_nc_ohc=bM-o2f9YqZwQ7kNvgHTBkCA&_nc_ht=scontent.cdninstagram.com&edm=AL-3X8kEAAAA&oh=00_AYBC47tK7dJuoKjVkZg-ReXubnauBHCdCtULgZR8g4tghQ&oe=6656D16C	1797182902765935718326579032099902
7	18006275992961972	CAROUSEL_ALBUM	IMAGE	https://scontent.cdninstagram.com/v/t39.30808-6/421525318_18029189755848151_3361650205283664213_n.jpg?_nc_cat=110&ccb=1-7&_nc_sid=18de74&_nc_eui2=AeGkMnCPyyuGSs5nj6UUrqpMQFj459PzROxAWPjn0_NE7NQhoy6Phfr1DOVsn_HC8kEuSNxfF5kKNo22QTAR-GCY&_nc_ohc=pTK9vqOgdaUQ7kNvgGG53ws&_nc_ht=scontent.cdninstagram.com&edm=AL-3X8kEAAAA&oh=00_AYDrktS0GpUKMej0346eeva6cx5C16goSsc3HZL6cMpSZQ&oe=6656B526	1790650325691406718006275992961972
8	18032597344644097	CAROUSEL_ALBUM	IMAGE	https://scontent.cdninstagram.com/v/t39.30808-6/421525318_18029189755848151_3361650205283664213_n.jpg?_nc_cat=110&ccb=1-7&_nc_sid=18de74&_nc_eui2=AeGkMnCPyyuGSs5nj6UUrqpMQFj459PzROxAWPjn0_NE7NQhoy6Phfr1DOVsn_HC8kEuSNxfF5kKNo22QTAR-GCY&_nc_ohc=pTK9vqOgdaUQ7kNvgGG53ws&_nc_ht=scontent.cdninstagram.com&edm=AL-3X8kEAAAA&oh=00_AYDrktS0GpUKMej0346eeva6cx5C16goSsc3HZL6cMpSZQ&oe=6656B526	1790650325691406718032597344644097
9	17980478672546161	CAROUSEL_ALBUM	IMAGE	https://scontent.cdninstagram.com/v/t39.30808-6/421525318_18029189755848151_3361650205283664213_n.jpg?_nc_cat=110&ccb=1-7&_nc_sid=18de74&_nc_eui2=AeGkMnCPyyuGSs5nj6UUrqpMQFj459PzROxAWPjn0_NE7NQhoy6Phfr1DOVsn_HC8kEuSNxfF5kKNo22QTAR-GCY&_nc_ohc=pTK9vqOgdaUQ7kNvgGG53ws&_nc_ht=scontent.cdninstagram.com&edm=AL-3X8kEAAAA&oh=00_AYDrktS0GpUKMej0346eeva6cx5C16goSsc3HZL6cMpSZQ&oe=6656B526	1790650325691406717980478672546161
10	17999631694815784	CAROUSEL_ALBUM	IMAGE	https://scontent.cdninstagram.com/v/t39.30808-6/421525318_18029189755848151_3361650205283664213_n.jpg?_nc_cat=110&ccb=1-7&_nc_sid=18de74&_nc_eui2=AeGkMnCPyyuGSs5nj6UUrqpMQFj459PzROxAWPjn0_NE7NQhoy6Phfr1DOVsn_HC8kEuSNxfF5kKNo22QTAR-GCY&_nc_ohc=pTK9vqOgdaUQ7kNvgGG53ws&_nc_ht=scontent.cdninstagram.com&edm=AL-3X8kEAAAA&oh=00_AYDrktS0GpUKMej0346eeva6cx5C16goSsc3HZL6cMpSZQ&oe=6656B526	1790650325691406717999631694815784
11	17868068480908352	CAROUSEL_ALBUM	IMAGE	https://scontent.cdninstagram.com/v/t39.30808-6/421525318_18029189755848151_3361650205283664213_n.jpg?_nc_cat=110&ccb=1-7&_nc_sid=18de74&_nc_eui2=AeGkMnCPyyuGSs5nj6UUrqpMQFj459PzROxAWPjn0_NE7NQhoy6Phfr1DOVsn_HC8kEuSNxfF5kKNo22QTAR-GCY&_nc_ohc=pTK9vqOgdaUQ7kNvgGG53ws&_nc_ht=scontent.cdninstagram.com&edm=AL-3X8kEAAAA&oh=00_AYDrktS0GpUKMej0346eeva6cx5C16goSsc3HZL6cMpSZQ&oe=6656B526	1790650325691406717868068480908352
12	18004555213694855	CAROUSEL_ALBUM	IMAGE	https://scontent.cdninstagram.com/v/t39.30808-6/421561394_18029189758848151_4312331103962907670_n.jpg?_nc_cat=101&ccb=1-7&_nc_sid=18de74&_nc_eui2=AeFEH_eFks5aXg3DYgCV0MZ1WVnaFleCmzdZWdoWV4KbNx_ViQbAoFluVXnzXAvWj0SpC-YLF81NnZMvPrCnxuM0&_nc_ohc=VEm0ueH3fPoQ7kNvgGh53Ak&_nc_ht=scontent.cdninstagram.com&edm=AL-3X8kEAAAA&oh=00_AYDMgA2IlfCATu5MoVHJy0Bjc0dY_ojJT8v1aza4JO9lKg&oe=6656A987	1803239509675886518004555213694855
13	17959106837367775	CAROUSEL_ALBUM	IMAGE	https://scontent.cdninstagram.com/v/t39.30808-6/421561394_18029189758848151_4312331103962907670_n.jpg?_nc_cat=101&ccb=1-7&_nc_sid=18de74&_nc_eui2=AeFEH_eFks5aXg3DYgCV0MZ1WVnaFleCmzdZWdoWV4KbNx_ViQbAoFluVXnzXAvWj0SpC-YLF81NnZMvPrCnxuM0&_nc_ohc=VEm0ueH3fPoQ7kNvgGh53Ak&_nc_ht=scontent.cdninstagram.com&edm=AL-3X8kEAAAA&oh=00_AYDMgA2IlfCATu5MoVHJy0Bjc0dY_ojJT8v1aza4JO9lKg&oe=6656A987	1803239509675886517959106837367775
14	18071375392367766	CAROUSEL_ALBUM	IMAGE	https://scontent.cdninstagram.com/v/t39.30808-6/421561394_18029189758848151_4312331103962907670_n.jpg?_nc_cat=101&ccb=1-7&_nc_sid=18de74&_nc_eui2=AeFEH_eFks5aXg3DYgCV0MZ1WVnaFleCmzdZWdoWV4KbNx_ViQbAoFluVXnzXAvWj0SpC-YLF81NnZMvPrCnxuM0&_nc_ohc=VEm0ueH3fPoQ7kNvgGh53Ak&_nc_ht=scontent.cdninstagram.com&edm=AL-3X8kEAAAA&oh=00_AYDMgA2IlfCATu5MoVHJy0Bjc0dY_ojJT8v1aza4JO9lKg&oe=6656A987	1803239509675886518071375392367766
15	17981861483060238	CAROUSEL_ALBUM	IMAGE	https://scontent.cdninstagram.com/v/t39.30808-6/421561394_18029189758848151_4312331103962907670_n.jpg?_nc_cat=101&ccb=1-7&_nc_sid=18de74&_nc_eui2=AeFEH_eFks5aXg3DYgCV0MZ1WVnaFleCmzdZWdoWV4KbNx_ViQbAoFluVXnzXAvWj0SpC-YLF81NnZMvPrCnxuM0&_nc_ohc=VEm0ueH3fPoQ7kNvgGh53Ak&_nc_ht=scontent.cdninstagram.com&edm=AL-3X8kEAAAA&oh=00_AYDMgA2IlfCATu5MoVHJy0Bjc0dY_ojJT8v1aza4JO9lKg&oe=6656A987	1803239509675886517981861483060238
16	17962949372126268	CAROUSEL_ALBUM	IMAGE	https://scontent.cdninstagram.com/v/t39.30808-6/421561394_18029189758848151_4312331103962907670_n.jpg?_nc_cat=101&ccb=1-7&_nc_sid=18de74&_nc_eui2=AeFEH_eFks5aXg3DYgCV0MZ1WVnaFleCmzdZWdoWV4KbNx_ViQbAoFluVXnzXAvWj0SpC-YLF81NnZMvPrCnxuM0&_nc_ohc=VEm0ueH3fPoQ7kNvgGh53Ak&_nc_ht=scontent.cdninstagram.com&edm=AL-3X8kEAAAA&oh=00_AYDMgA2IlfCATu5MoVHJy0Bjc0dY_ojJT8v1aza4JO9lKg&oe=6656A987	1803239509675886517962949372126268
17	17859108473899553	CAROUSEL_ALBUM	IMAGE	https://scontent.cdninstagram.com/v/t39.30808-6/421604443_18029189767848151_6924928652721400318_n.jpg?_nc_cat=108&ccb=1-7&_nc_sid=18de74&_nc_eui2=AeHIvH6dhP52-6ewsewMWDR4zPqrMMFno73M-qswwWejvawf0tnFoytcl97PIVFEYppXtlYcFQrSeVDmPzzTMw4P&_nc_ohc=3xahlxD12DgQ7kNvgEsPGNP&_nc_ht=scontent.cdninstagram.com&edm=AL-3X8kEAAAA&oh=00_AYD6ZLP7BTT8HOnEp3Y_K2KKGbImlyhEBOhdKcVhHSXTmA&oe=6656C333	1808585434941389517859108473899553
18	17976421084985001	CAROUSEL_ALBUM	IMAGE	https://scontent.cdninstagram.com/v/t39.30808-6/421604443_18029189767848151_6924928652721400318_n.jpg?_nc_cat=108&ccb=1-7&_nc_sid=18de74&_nc_eui2=AeHIvH6dhP52-6ewsewMWDR4zPqrMMFno73M-qswwWejvawf0tnFoytcl97PIVFEYppXtlYcFQrSeVDmPzzTMw4P&_nc_ohc=3xahlxD12DgQ7kNvgEsPGNP&_nc_ht=scontent.cdninstagram.com&edm=AL-3X8kEAAAA&oh=00_AYD6ZLP7BTT8HOnEp3Y_K2KKGbImlyhEBOhdKcVhHSXTmA&oe=6656C333	1808585434941389517976421084985001
19	17957530706193660	CAROUSEL_ALBUM	IMAGE	https://scontent.cdninstagram.com/v/t39.30808-6/421604443_18029189767848151_6924928652721400318_n.jpg?_nc_cat=108&ccb=1-7&_nc_sid=18de74&_nc_eui2=AeHIvH6dhP52-6ewsewMWDR4zPqrMMFno73M-qswwWejvawf0tnFoytcl97PIVFEYppXtlYcFQrSeVDmPzzTMw4P&_nc_ohc=3xahlxD12DgQ7kNvgEsPGNP&_nc_ht=scontent.cdninstagram.com&edm=AL-3X8kEAAAA&oh=00_AYD6ZLP7BTT8HOnEp3Y_K2KKGbImlyhEBOhdKcVhHSXTmA&oe=6656C333	1808585434941389517957530706193660
20	17968820779999389	CAROUSEL_ALBUM	IMAGE	https://scontent.cdninstagram.com/v/t39.30808-6/421604443_18029189767848151_6924928652721400318_n.jpg?_nc_cat=108&ccb=1-7&_nc_sid=18de74&_nc_eui2=AeHIvH6dhP52-6ewsewMWDR4zPqrMMFno73M-qswwWejvawf0tnFoytcl97PIVFEYppXtlYcFQrSeVDmPzzTMw4P&_nc_ohc=3xahlxD12DgQ7kNvgEsPGNP&_nc_ht=scontent.cdninstagram.com&edm=AL-3X8kEAAAA&oh=00_AYD6ZLP7BTT8HOnEp3Y_K2KKGbImlyhEBOhdKcVhHSXTmA&oe=6656C333	1808585434941389517968820779999389
21	17952003506517561	CAROUSEL_ALBUM	IMAGE	https://scontent.cdninstagram.com/v/t39.30808-6/421587021_18029189791848151_7364601708020223638_n.jpg?_nc_cat=109&ccb=1-7&_nc_sid=18de74&_nc_eui2=AeFAsAccCL9u0dlivfcRMRAROkLoCjKlsLs6QugKMqWwu2U__SI7lXl_72wIASipxIl9elRktMnM0X2i_U2B9gZ7&_nc_ohc=wIywEP8w6TcQ7kNvgENtTkM&_nc_ht=scontent.cdninstagram.com&edm=AL-3X8kEAAAA&oh=00_AYAQbBIuFndiNKSpz5p_jtGWW1b5lBz-10vXT1sMZvjhhg&oe=6656ACBA	1784327787615492417952003506517561
22	18172394914270979	CAROUSEL_ALBUM	IMAGE	https://scontent.cdninstagram.com/v/t39.30808-6/421587021_18029189791848151_7364601708020223638_n.jpg?_nc_cat=109&ccb=1-7&_nc_sid=18de74&_nc_eui2=AeFAsAccCL9u0dlivfcRMRAROkLoCjKlsLs6QugKMqWwu2U__SI7lXl_72wIASipxIl9elRktMnM0X2i_U2B9gZ7&_nc_ohc=wIywEP8w6TcQ7kNvgENtTkM&_nc_ht=scontent.cdninstagram.com&edm=AL-3X8kEAAAA&oh=00_AYAQbBIuFndiNKSpz5p_jtGWW1b5lBz-10vXT1sMZvjhhg&oe=6656ACBA	1784327787615492418172394914270979
23	17916484169676926	CAROUSEL_ALBUM	IMAGE	https://scontent.cdninstagram.com/v/t39.30808-6/421587021_18029189791848151_7364601708020223638_n.jpg?_nc_cat=109&ccb=1-7&_nc_sid=18de74&_nc_eui2=AeFAsAccCL9u0dlivfcRMRAROkLoCjKlsLs6QugKMqWwu2U__SI7lXl_72wIASipxIl9elRktMnM0X2i_U2B9gZ7&_nc_ohc=wIywEP8w6TcQ7kNvgENtTkM&_nc_ht=scontent.cdninstagram.com&edm=AL-3X8kEAAAA&oh=00_AYAQbBIuFndiNKSpz5p_jtGWW1b5lBz-10vXT1sMZvjhhg&oe=6656ACBA	1784327787615492417916484169676926
24	17957620226183109	CAROUSEL_ALBUM	IMAGE	https://scontent.cdninstagram.com/v/t39.30808-6/421587021_18029189791848151_7364601708020223638_n.jpg?_nc_cat=109&ccb=1-7&_nc_sid=18de74&_nc_eui2=AeFAsAccCL9u0dlivfcRMRAROkLoCjKlsLs6QugKMqWwu2U__SI7lXl_72wIASipxIl9elRktMnM0X2i_U2B9gZ7&_nc_ohc=wIywEP8w6TcQ7kNvgENtTkM&_nc_ht=scontent.cdninstagram.com&edm=AL-3X8kEAAAA&oh=00_AYAQbBIuFndiNKSpz5p_jtGWW1b5lBz-10vXT1sMZvjhhg&oe=6656ACBA	1784327787615492417957620226183109
25	17935132118501780	CAROUSEL_ALBUM	IMAGE	https://scontent.cdninstagram.com/v/t39.30808-6/421587021_18029189791848151_7364601708020223638_n.jpg?_nc_cat=109&ccb=1-7&_nc_sid=18de74&_nc_eui2=AeFAsAccCL9u0dlivfcRMRAROkLoCjKlsLs6QugKMqWwu2U__SI7lXl_72wIASipxIl9elRktMnM0X2i_U2B9gZ7&_nc_ohc=wIywEP8w6TcQ7kNvgENtTkM&_nc_ht=scontent.cdninstagram.com&edm=AL-3X8kEAAAA&oh=00_AYAQbBIuFndiNKSpz5p_jtGWW1b5lBz-10vXT1sMZvjhhg&oe=6656ACBA	1784327787615492417935132118501780
26	17975602669999778	CAROUSEL_ALBUM	IMAGE	https://scontent.cdninstagram.com/v/t39.30808-6/421587021_18029189791848151_7364601708020223638_n.jpg?_nc_cat=109&ccb=1-7&_nc_sid=18de74&_nc_eui2=AeFAsAccCL9u0dlivfcRMRAROkLoCjKlsLs6QugKMqWwu2U__SI7lXl_72wIASipxIl9elRktMnM0X2i_U2B9gZ7&_nc_ohc=wIywEP8w6TcQ7kNvgENtTkM&_nc_ht=scontent.cdninstagram.com&edm=AL-3X8kEAAAA&oh=00_AYAQbBIuFndiNKSpz5p_jtGWW1b5lBz-10vXT1sMZvjhhg&oe=6656ACBA	1784327787615492417975602669999778
27	17980419661785716	CAROUSEL_ALBUM	IMAGE	https://scontent.cdninstagram.com/v/t39.30808-6/421587021_18029189791848151_7364601708020223638_n.jpg?_nc_cat=109&ccb=1-7&_nc_sid=18de74&_nc_eui2=AeFAsAccCL9u0dlivfcRMRAROkLoCjKlsLs6QugKMqWwu2U__SI7lXl_72wIASipxIl9elRktMnM0X2i_U2B9gZ7&_nc_ohc=wIywEP8w6TcQ7kNvgENtTkM&_nc_ht=scontent.cdninstagram.com&edm=AL-3X8kEAAAA&oh=00_AYAQbBIuFndiNKSpz5p_jtGWW1b5lBz-10vXT1sMZvjhhg&oe=6656ACBA	1784327787615492417980419661785716
28	17985627235816479	CAROUSEL_ALBUM	IMAGE	https://scontent.cdninstagram.com/v/t39.30808-6/421587021_18029189791848151_7364601708020223638_n.jpg?_nc_cat=109&ccb=1-7&_nc_sid=18de74&_nc_eui2=AeFAsAccCL9u0dlivfcRMRAROkLoCjKlsLs6QugKMqWwu2U__SI7lXl_72wIASipxIl9elRktMnM0X2i_U2B9gZ7&_nc_ohc=wIywEP8w6TcQ7kNvgENtTkM&_nc_ht=scontent.cdninstagram.com&edm=AL-3X8kEAAAA&oh=00_AYAQbBIuFndiNKSpz5p_jtGWW1b5lBz-10vXT1sMZvjhhg&oe=6656ACBA	1784327787615492417985627235816479
29	17936678435580317	CAROUSEL_ALBUM	IMAGE	https://scontent.cdninstagram.com/v/t39.30808-6/421587021_18029189791848151_7364601708020223638_n.jpg?_nc_cat=109&ccb=1-7&_nc_sid=18de74&_nc_eui2=AeFAsAccCL9u0dlivfcRMRAROkLoCjKlsLs6QugKMqWwu2U__SI7lXl_72wIASipxIl9elRktMnM0X2i_U2B9gZ7&_nc_ohc=wIywEP8w6TcQ7kNvgENtTkM&_nc_ht=scontent.cdninstagram.com&edm=AL-3X8kEAAAA&oh=00_AYAQbBIuFndiNKSpz5p_jtGWW1b5lBz-10vXT1sMZvjhhg&oe=6656ACBA	1784327787615492417936678435580317
30	17979201958875857	CAROUSEL_ALBUM	IMAGE	https://scontent.cdninstagram.com/v/t39.30808-6/421587021_18029189791848151_7364601708020223638_n.jpg?_nc_cat=109&ccb=1-7&_nc_sid=18de74&_nc_eui2=AeFAsAccCL9u0dlivfcRMRAROkLoCjKlsLs6QugKMqWwu2U__SI7lXl_72wIASipxIl9elRktMnM0X2i_U2B9gZ7&_nc_ohc=wIywEP8w6TcQ7kNvgENtTkM&_nc_ht=scontent.cdninstagram.com&edm=AL-3X8kEAAAA&oh=00_AYAQbBIuFndiNKSpz5p_jtGWW1b5lBz-10vXT1sMZvjhhg&oe=6656ACBA	1784327787615492417979201958875857
31	17978190145738391	CAROUSEL_ALBUM	IMAGE	https://scontent.cdninstagram.com/v/t39.30808-6/421625687_18029189794848151_6131463151935267267_n.jpg?_nc_cat=111&ccb=1-7&_nc_sid=18de74&_nc_eui2=AeGfYCXohvIjMtfsEJtHcC0z7ChPPatFB8zsKE89q0UHzDl2cDzxGBOUyJfToVHsR78uhP9oNX_wgzTmG92sV-ua&_nc_ohc=Wx5JAhOteesQ7kNvgHmx7Og&_nc_ht=scontent.cdninstagram.com&edm=AL-3X8kEAAAA&oh=00_AYAiGJz5145PU8WfcrRdDCkK8sS1luGWHx5poI_83HAG5A&oe=6656BBA8	1824220173121996117978190145738391
32	18239417728149649	CAROUSEL_ALBUM	IMAGE	https://scontent.cdninstagram.com/v/t39.30808-6/421625687_18029189794848151_6131463151935267267_n.jpg?_nc_cat=111&ccb=1-7&_nc_sid=18de74&_nc_eui2=AeGfYCXohvIjMtfsEJtHcC0z7ChPPatFB8zsKE89q0UHzDl2cDzxGBOUyJfToVHsR78uhP9oNX_wgzTmG92sV-ua&_nc_ohc=Wx5JAhOteesQ7kNvgHmx7Og&_nc_ht=scontent.cdninstagram.com&edm=AL-3X8kEAAAA&oh=00_AYAiGJz5145PU8WfcrRdDCkK8sS1luGWHx5poI_83HAG5A&oe=6656BBA8	1824220173121996118239417728149649
33	17970852493869455	CAROUSEL_ALBUM	IMAGE	https://scontent.cdninstagram.com/v/t39.30808-6/421625687_18029189794848151_6131463151935267267_n.jpg?_nc_cat=111&ccb=1-7&_nc_sid=18de74&_nc_eui2=AeGfYCXohvIjMtfsEJtHcC0z7ChPPatFB8zsKE89q0UHzDl2cDzxGBOUyJfToVHsR78uhP9oNX_wgzTmG92sV-ua&_nc_ohc=Wx5JAhOteesQ7kNvgHmx7Og&_nc_ht=scontent.cdninstagram.com&edm=AL-3X8kEAAAA&oh=00_AYAiGJz5145PU8WfcrRdDCkK8sS1luGWHx5poI_83HAG5A&oe=6656BBA8	1824220173121996117970852493869455
34	17858477921823537	CAROUSEL_ALBUM	IMAGE	https://scontent.cdninstagram.com/v/t39.30808-6/421625687_18029189794848151_6131463151935267267_n.jpg?_nc_cat=111&ccb=1-7&_nc_sid=18de74&_nc_eui2=AeGfYCXohvIjMtfsEJtHcC0z7ChPPatFB8zsKE89q0UHzDl2cDzxGBOUyJfToVHsR78uhP9oNX_wgzTmG92sV-ua&_nc_ohc=Wx5JAhOteesQ7kNvgHmx7Og&_nc_ht=scontent.cdninstagram.com&edm=AL-3X8kEAAAA&oh=00_AYAiGJz5145PU8WfcrRdDCkK8sS1luGWHx5poI_83HAG5A&oe=6656BBA8	1824220173121996117858477921823537
35	17990323756717997	CAROUSEL_ALBUM	IMAGE	https://scontent.cdninstagram.com/v/t39.30808-6/421625687_18029189794848151_6131463151935267267_n.jpg?_nc_cat=111&ccb=1-7&_nc_sid=18de74&_nc_eui2=AeGfYCXohvIjMtfsEJtHcC0z7ChPPatFB8zsKE89q0UHzDl2cDzxGBOUyJfToVHsR78uhP9oNX_wgzTmG92sV-ua&_nc_ohc=Wx5JAhOteesQ7kNvgHmx7Og&_nc_ht=scontent.cdninstagram.com&edm=AL-3X8kEAAAA&oh=00_AYAiGJz5145PU8WfcrRdDCkK8sS1luGWHx5poI_83HAG5A&oe=6656BBA8	1824220173121996117990323756717997
36	17946312491417976	CAROUSEL_ALBUM	IMAGE	https://scontent.cdninstagram.com/v/t39.30808-6/421517158_18029189785848151_3566004064110391337_n.jpg?_nc_cat=100&ccb=1-7&_nc_sid=18de74&_nc_eui2=AeHmpcxBqlVPy7E1-rAuCc_gLggrykaXERUuCCvKRpcRFeHAaW_O4tlM7KUR0mc7a4wMhVXEzZbouZH5wd9ybFTg&_nc_ohc=kxIgNi9riEMQ7kNvgEx7yTo&_nc_ht=scontent.cdninstagram.com&edm=AL-3X8kEAAAA&oh=00_AYAc8tgsViIZU8DSeMA-HpV89Ie2D0ZF4FU7yaOU3ns9Fw&oe=6656C3C9	1798855041555343717946312491417976
37	17998050277570171	CAROUSEL_ALBUM	IMAGE	https://scontent.cdninstagram.com/v/t39.30808-6/421517158_18029189785848151_3566004064110391337_n.jpg?_nc_cat=100&ccb=1-7&_nc_sid=18de74&_nc_eui2=AeHmpcxBqlVPy7E1-rAuCc_gLggrykaXERUuCCvKRpcRFeHAaW_O4tlM7KUR0mc7a4wMhVXEzZbouZH5wd9ybFTg&_nc_ohc=kxIgNi9riEMQ7kNvgEx7yTo&_nc_ht=scontent.cdninstagram.com&edm=AL-3X8kEAAAA&oh=00_AYAc8tgsViIZU8DSeMA-HpV89Ie2D0ZF4FU7yaOU3ns9Fw&oe=6656C3C9	1798855041555343717998050277570171
38	18226663675081792	CAROUSEL_ALBUM	IMAGE	https://scontent.cdninstagram.com/v/t39.30808-6/421517158_18029189785848151_3566004064110391337_n.jpg?_nc_cat=100&ccb=1-7&_nc_sid=18de74&_nc_eui2=AeHmpcxBqlVPy7E1-rAuCc_gLggrykaXERUuCCvKRpcRFeHAaW_O4tlM7KUR0mc7a4wMhVXEzZbouZH5wd9ybFTg&_nc_ohc=kxIgNi9riEMQ7kNvgEx7yTo&_nc_ht=scontent.cdninstagram.com&edm=AL-3X8kEAAAA&oh=00_AYAc8tgsViIZU8DSeMA-HpV89Ie2D0ZF4FU7yaOU3ns9Fw&oe=6656C3C9	1798855041555343718226663675081792
39	17945375882417545	CAROUSEL_ALBUM	IMAGE	https://scontent.cdninstagram.com/v/t39.30808-6/421517158_18029189785848151_3566004064110391337_n.jpg?_nc_cat=100&ccb=1-7&_nc_sid=18de74&_nc_eui2=AeHmpcxBqlVPy7E1-rAuCc_gLggrykaXERUuCCvKRpcRFeHAaW_O4tlM7KUR0mc7a4wMhVXEzZbouZH5wd9ybFTg&_nc_ohc=kxIgNi9riEMQ7kNvgEx7yTo&_nc_ht=scontent.cdninstagram.com&edm=AL-3X8kEAAAA&oh=00_AYAc8tgsViIZU8DSeMA-HpV89Ie2D0ZF4FU7yaOU3ns9Fw&oe=6656C3C9	1798855041555343717945375882417545
40	17974769974769563	CAROUSEL_ALBUM	IMAGE	https://scontent.cdninstagram.com/v/t39.30808-6/421517158_18029189785848151_3566004064110391337_n.jpg?_nc_cat=100&ccb=1-7&_nc_sid=18de74&_nc_eui2=AeHmpcxBqlVPy7E1-rAuCc_gLggrykaXERUuCCvKRpcRFeHAaW_O4tlM7KUR0mc7a4wMhVXEzZbouZH5wd9ybFTg&_nc_ohc=kxIgNi9riEMQ7kNvgEx7yTo&_nc_ht=scontent.cdninstagram.com&edm=AL-3X8kEAAAA&oh=00_AYAc8tgsViIZU8DSeMA-HpV89Ie2D0ZF4FU7yaOU3ns9Fw&oe=6656C3C9	1798855041555343717974769974769563
41	17961285041137957	CAROUSEL_ALBUM	IMAGE	https://scontent.cdninstagram.com/v/t39.30808-6/421517158_18029189785848151_3566004064110391337_n.jpg?_nc_cat=100&ccb=1-7&_nc_sid=18de74&_nc_eui2=AeHmpcxBqlVPy7E1-rAuCc_gLggrykaXERUuCCvKRpcRFeHAaW_O4tlM7KUR0mc7a4wMhVXEzZbouZH5wd9ybFTg&_nc_ohc=kxIgNi9riEMQ7kNvgEx7yTo&_nc_ht=scontent.cdninstagram.com&edm=AL-3X8kEAAAA&oh=00_AYAc8tgsViIZU8DSeMA-HpV89Ie2D0ZF4FU7yaOU3ns9Fw&oe=6656C3C9	1798855041555343717961285041137957
42	17931701453556758	CAROUSEL_ALBUM	IMAGE	https://scontent.cdninstagram.com/v/t39.30808-6/419413153_350994384345352_4836941526788348423_n.jpg?_nc_cat=107&ccb=1-7&_nc_sid=18de74&_nc_eui2=AeHTaOtxl0czmFaXnJOrehb8Nab7CK5wmuU1pvsIrnCa5R_lrc4qymK_rPTEqukIZMT8xvZXsJUfKTqdNvMNnKWX&_nc_ohc=eCse8QC1zqkQ7kNvgH27lju&_nc_ht=scontent.cdninstagram.com&edm=AL-3X8kEAAAA&oh=00_AYDSY_S3f6yu6LMeugFbVrkB1Zoa8eRYsGsctChXiJWY2Q&oe=6656D488	1800778364322041317931701453556758
43	17972200513936539	CAROUSEL_ALBUM	IMAGE	https://scontent.cdninstagram.com/v/t39.30808-6/419413153_350994384345352_4836941526788348423_n.jpg?_nc_cat=107&ccb=1-7&_nc_sid=18de74&_nc_eui2=AeHTaOtxl0czmFaXnJOrehb8Nab7CK5wmuU1pvsIrnCa5R_lrc4qymK_rPTEqukIZMT8xvZXsJUfKTqdNvMNnKWX&_nc_ohc=eCse8QC1zqkQ7kNvgH27lju&_nc_ht=scontent.cdninstagram.com&edm=AL-3X8kEAAAA&oh=00_AYDSY_S3f6yu6LMeugFbVrkB1Zoa8eRYsGsctChXiJWY2Q&oe=6656D488	1800778364322041317972200513936539
44	18337501048046447	CAROUSEL_ALBUM	IMAGE	https://scontent.cdninstagram.com/v/t39.30808-6/419413153_350994384345352_4836941526788348423_n.jpg?_nc_cat=107&ccb=1-7&_nc_sid=18de74&_nc_eui2=AeHTaOtxl0czmFaXnJOrehb8Nab7CK5wmuU1pvsIrnCa5R_lrc4qymK_rPTEqukIZMT8xvZXsJUfKTqdNvMNnKWX&_nc_ohc=eCse8QC1zqkQ7kNvgH27lju&_nc_ht=scontent.cdninstagram.com&edm=AL-3X8kEAAAA&oh=00_AYDSY_S3f6yu6LMeugFbVrkB1Zoa8eRYsGsctChXiJWY2Q&oe=6656D488	1800778364322041318337501048046447
45	18014406560219838	CAROUSEL_ALBUM	IMAGE	https://scontent.cdninstagram.com/v/t39.30808-6/419413153_350994384345352_4836941526788348423_n.jpg?_nc_cat=107&ccb=1-7&_nc_sid=18de74&_nc_eui2=AeHTaOtxl0czmFaXnJOrehb8Nab7CK5wmuU1pvsIrnCa5R_lrc4qymK_rPTEqukIZMT8xvZXsJUfKTqdNvMNnKWX&_nc_ohc=eCse8QC1zqkQ7kNvgH27lju&_nc_ht=scontent.cdninstagram.com&edm=AL-3X8kEAAAA&oh=00_AYDSY_S3f6yu6LMeugFbVrkB1Zoa8eRYsGsctChXiJWY2Q&oe=6656D488	1800778364322041318014406560219838
46	18012911482864852	CAROUSEL_ALBUM	IMAGE	https://scontent.cdninstagram.com/v/t39.30808-6/419413153_350994384345352_4836941526788348423_n.jpg?_nc_cat=107&ccb=1-7&_nc_sid=18de74&_nc_eui2=AeHTaOtxl0czmFaXnJOrehb8Nab7CK5wmuU1pvsIrnCa5R_lrc4qymK_rPTEqukIZMT8xvZXsJUfKTqdNvMNnKWX&_nc_ohc=eCse8QC1zqkQ7kNvgH27lju&_nc_ht=scontent.cdninstagram.com&edm=AL-3X8kEAAAA&oh=00_AYDSY_S3f6yu6LMeugFbVrkB1Zoa8eRYsGsctChXiJWY2Q&oe=6656D488	1800778364322041318012911482864852
47	18015261277785871	CAROUSEL_ALBUM	IMAGE	https://scontent.cdninstagram.com/v/t39.30808-6/419740799_350994341012023_2599259257026739546_n.jpg?_nc_cat=102&ccb=1-7&_nc_sid=18de74&_nc_eui2=AeGAH9MueM7ijTBkXnYuYtOgbDDNZZh4CWRsMM1lmHgJZJO1Yo5YI4RmIR-m-rxe_nsYKMLF4uUjQZdPbgSeumA6&_nc_ohc=AbSJ1oA7jiYQ7kNvgH5hgSG&_nc_ht=scontent.cdninstagram.com&edm=AL-3X8kEAAAA&oh=00_AYCBH8PFfLsMu14tK9bl1Ydx2eCD3EMIKwDhH8mU5la0Sg&oe=6656CFD6	1825005747421316618015261277785871
48	18316677496102466	CAROUSEL_ALBUM	IMAGE	https://scontent.cdninstagram.com/v/t39.30808-6/419740799_350994341012023_2599259257026739546_n.jpg?_nc_cat=102&ccb=1-7&_nc_sid=18de74&_nc_eui2=AeGAH9MueM7ijTBkXnYuYtOgbDDNZZh4CWRsMM1lmHgJZJO1Yo5YI4RmIR-m-rxe_nsYKMLF4uUjQZdPbgSeumA6&_nc_ohc=AbSJ1oA7jiYQ7kNvgH5hgSG&_nc_ht=scontent.cdninstagram.com&edm=AL-3X8kEAAAA&oh=00_AYCBH8PFfLsMu14tK9bl1Ydx2eCD3EMIKwDhH8mU5la0Sg&oe=6656CFD6	1825005747421316618316677496102466
49	18049683463435392	CAROUSEL_ALBUM	IMAGE	https://scontent.cdninstagram.com/v/t39.30808-6/419748508_350994367678687_6259562857146695672_n.jpg?_nc_cat=107&ccb=1-7&_nc_sid=18de74&_nc_eui2=AeHfjbe9tEQUYaZze1gMQPXlhLIy7IrrhdCEsjLsiuuF0KvpqNb_nZpL6VdTct4P0mHP5fTD9ccmE92BqTh6PnTq&_nc_ohc=sFg9OEOoSccQ7kNvgEwSYLa&_nc_ht=scontent.cdninstagram.com&edm=AL-3X8kEAAAA&oh=00_AYBeqYW2951sElFTjgfszsIdCedJ1Sqgq1BIo1yJmZckAw&oe=6656A959	1793092968880379918049683463435392
50	17993063657129058	CAROUSEL_ALBUM	IMAGE	https://scontent.cdninstagram.com/v/t39.30808-6/419748508_350994367678687_6259562857146695672_n.jpg?_nc_cat=107&ccb=1-7&_nc_sid=18de74&_nc_eui2=AeHfjbe9tEQUYaZze1gMQPXlhLIy7IrrhdCEsjLsiuuF0KvpqNb_nZpL6VdTct4P0mHP5fTD9ccmE92BqTh6PnTq&_nc_ohc=sFg9OEOoSccQ7kNvgEwSYLa&_nc_ht=scontent.cdninstagram.com&edm=AL-3X8kEAAAA&oh=00_AYBeqYW2951sElFTjgfszsIdCedJ1Sqgq1BIo1yJmZckAw&oe=6656A959	1793092968880379917993063657129058
51	18242719579162133	CAROUSEL_ALBUM	IMAGE	https://scontent.cdninstagram.com/v/t39.30808-6/419748508_350994367678687_6259562857146695672_n.jpg?_nc_cat=107&ccb=1-7&_nc_sid=18de74&_nc_eui2=AeHfjbe9tEQUYaZze1gMQPXlhLIy7IrrhdCEsjLsiuuF0KvpqNb_nZpL6VdTct4P0mHP5fTD9ccmE92BqTh6PnTq&_nc_ohc=sFg9OEOoSccQ7kNvgEwSYLa&_nc_ht=scontent.cdninstagram.com&edm=AL-3X8kEAAAA&oh=00_AYBeqYW2951sElFTjgfszsIdCedJ1Sqgq1BIo1yJmZckAw&oe=6656A959	1793092968880379918242719579162133
52	17960339570278289	CAROUSEL_ALBUM	IMAGE	https://scontent.cdninstagram.com/v/t39.30808-6/419748508_350994367678687_6259562857146695672_n.jpg?_nc_cat=107&ccb=1-7&_nc_sid=18de74&_nc_eui2=AeHfjbe9tEQUYaZze1gMQPXlhLIy7IrrhdCEsjLsiuuF0KvpqNb_nZpL6VdTct4P0mHP5fTD9ccmE92BqTh6PnTq&_nc_ohc=sFg9OEOoSccQ7kNvgEwSYLa&_nc_ht=scontent.cdninstagram.com&edm=AL-3X8kEAAAA&oh=00_AYBeqYW2951sElFTjgfszsIdCedJ1Sqgq1BIo1yJmZckAw&oe=6656A959	1793092968880379917960339570278289
53	18196692265234329	CAROUSEL_ALBUM	IMAGE	https://scontent.cdninstagram.com/v/t39.30808-6/419748508_350994367678687_6259562857146695672_n.jpg?_nc_cat=107&ccb=1-7&_nc_sid=18de74&_nc_eui2=AeHfjbe9tEQUYaZze1gMQPXlhLIy7IrrhdCEsjLsiuuF0KvpqNb_nZpL6VdTct4P0mHP5fTD9ccmE92BqTh6PnTq&_nc_ohc=sFg9OEOoSccQ7kNvgEwSYLa&_nc_ht=scontent.cdninstagram.com&edm=AL-3X8kEAAAA&oh=00_AYBeqYW2951sElFTjgfszsIdCedJ1Sqgq1BIo1yJmZckAw&oe=6656A959	1793092968880379918196692265234329
54	17932358189417551	CAROUSEL_ALBUM	IMAGE	https://scontent.cdninstagram.com/v/t39.30808-6/419748508_350994367678687_6259562857146695672_n.jpg?_nc_cat=107&ccb=1-7&_nc_sid=18de74&_nc_eui2=AeHfjbe9tEQUYaZze1gMQPXlhLIy7IrrhdCEsjLsiuuF0KvpqNb_nZpL6VdTct4P0mHP5fTD9ccmE92BqTh6PnTq&_nc_ohc=sFg9OEOoSccQ7kNvgEwSYLa&_nc_ht=scontent.cdninstagram.com&edm=AL-3X8kEAAAA&oh=00_AYBeqYW2951sElFTjgfszsIdCedJ1Sqgq1BIo1yJmZckAw&oe=6656A959	1793092968880379917932358189417551
55	17933182687919850	CAROUSEL_ALBUM	IMAGE	https://scontent.cdninstagram.com/v/t39.30808-6/419748508_350994367678687_6259562857146695672_n.jpg?_nc_cat=107&ccb=1-7&_nc_sid=18de74&_nc_eui2=AeHfjbe9tEQUYaZze1gMQPXlhLIy7IrrhdCEsjLsiuuF0KvpqNb_nZpL6VdTct4P0mHP5fTD9ccmE92BqTh6PnTq&_nc_ohc=sFg9OEOoSccQ7kNvgEwSYLa&_nc_ht=scontent.cdninstagram.com&edm=AL-3X8kEAAAA&oh=00_AYBeqYW2951sElFTjgfszsIdCedJ1Sqgq1BIo1yJmZckAw&oe=6656A959	1793092968880379917933182687919850
56	17865567998619722	CAROUSEL_ALBUM	IMAGE	https://scontent.cdninstagram.com/v/t39.30808-6/419748508_350994367678687_6259562857146695672_n.jpg?_nc_cat=107&ccb=1-7&_nc_sid=18de74&_nc_eui2=AeHfjbe9tEQUYaZze1gMQPXlhLIy7IrrhdCEsjLsiuuF0KvpqNb_nZpL6VdTct4P0mHP5fTD9ccmE92BqTh6PnTq&_nc_ohc=sFg9OEOoSccQ7kNvgEwSYLa&_nc_ht=scontent.cdninstagram.com&edm=AL-3X8kEAAAA&oh=00_AYBeqYW2951sElFTjgfszsIdCedJ1Sqgq1BIo1yJmZckAw&oe=6656A959	1793092968880379917865567998619722
57	17847530503583685	CAROUSEL_ALBUM	IMAGE	https://scontent.cdninstagram.com/v/t39.30808-6/419748508_350994367678687_6259562857146695672_n.jpg?_nc_cat=107&ccb=1-7&_nc_sid=18de74&_nc_eui2=AeHfjbe9tEQUYaZze1gMQPXlhLIy7IrrhdCEsjLsiuuF0KvpqNb_nZpL6VdTct4P0mHP5fTD9ccmE92BqTh6PnTq&_nc_ohc=sFg9OEOoSccQ7kNvgEwSYLa&_nc_ht=scontent.cdninstagram.com&edm=AL-3X8kEAAAA&oh=00_AYBeqYW2951sElFTjgfszsIdCedJ1Sqgq1BIo1yJmZckAw&oe=6656A959	1793092968880379917847530503583685
58	18043780708198048	CAROUSEL_ALBUM	IMAGE	https://scontent.cdninstagram.com/v/t39.30808-6/419739971_350994371012020_2783822473814193249_n.jpg?_nc_cat=100&ccb=1-7&_nc_sid=18de74&_nc_eui2=AeGEYQdB_gVRp18Tkg4K-xsyIWlbm28LBH4haVubbwsEflGA_GX17KGDEAqomNxDDLp3w4dDE2rLgURDW7FMsUXl&_nc_ohc=lAXMDAKxHusQ7kNvgHjZcyq&_nc_ht=scontent.cdninstagram.com&edm=AL-3X8kEAAAA&oh=00_AYCwJztWHYYxGMwHeg-3Qvmlwek04RtDwHVCQILOCg2rWg&oe=6656C105	1790864587789859518043780708198048
